{
  "labels": {
    "create-next-app": ["packages/create-next-app/**"],
    "documentation": ["docs/**", "errors/**"],
    "examples": ["examples/**"],
    "Font (next/font)": ["**/*font*"],
    "tests": ["test/**", "bench/**"],
    "Turbopack": ["packages/next-swc/crates/next-*/**"],
    "created-by: Chrome Aurora": [
      { "type": "user", "pattern": "atcastle" },
      { "type": "user", "pattern": "devknoll" },
      { "type": "user", "pattern": "housseindjirdeh" },
      { "type": "user", "pattern": "janicklas-ralph" },
      { "type": "user", "pattern": "kara" },
      { "type": "user", "pattern": "kyliau" },
      { "type": "user", "pattern": "spanicker" }
    ],
    "created-by: Next.js team": [
      { "type": "user", "pattern": "acdlite" },
      { "type": "user", "pattern": "balazsorban44" },
      { "type": "user", "pattern": "eps1lon" },
      { "type": "user", "pattern": "Ethan-Arrowood" },
      { "type": "user", "pattern": "feedthejim" },
      { "type": "user", "pattern": "gnoff" },
      { "type": "user", "pattern": "huozhi" },
      { "type": "user", "pattern": "ijjk" },
      { "type": "user", "pattern": "javivelasco" },
      { "type": "user", "pattern": "kikobeats" },
      { "type": "user", "pattern": "lubieowoce" },
      { "type": "user", "pattern": "samcx" },
      { "type": "user", "pattern": "schniz" },
      { "type": "user", "pattern": "sebmarkbage" },
      { "type": "user", "pattern": "shuding" },
      { "type": "user", "pattern": "styfle" },
      { "type": "user", "pattern": "timneutkens" },
      { "type": "user", "pattern": "wyattjoh" },
      { "type": "user", "pattern": "ztanner" }
    ],
    "created-by: Next.js DevEx team": [
      { "type": "user", "pattern": "leerob" },
      { "type": "user", "pattern": "ismaelrumzan" },
      { "type": "user", "pattern": "molebox" },
      { "type": "user", "pattern": "delbaoliveira" },
      { "type": "user", "pattern": "lydiahallie" },
      { "type": "user", "pattern": "StephDietz" },
      { "type": "user", "pattern": "timeyoutakeit" },
      { "type": "user", "pattern": "manovotny" }
    ],
    "created-by: Turbopack team": [
      { "type": "user", "pattern": "bgw" },
      { "type": "user", "pattern": "ForsakenHarmony" },
      { "type": "user", "pattern": "kdy1" },
      { "type": "user", "pattern": "kwonoj" },
      { "type": "user", "pattern": "padmaia" },
      { "type": "user", "pattern": "sokra" },
      { "type": "user", "pattern": "wbinnssmith" }
    ],
    "type: next": [
      "packages/eslint-config-next/**",
      "packages/eslint-plugin-next/**",
      "packages/font/**",
      "packages/next-bundle-analyzer/**",
      "packages/next-codemod/**",
      "packages/next-env/**",
      "packages/next-mdx/**",
      "packages/next-swc/**",
      "packages/next/**",
      "packages/react-refresh-utils/**"
    ]
  }
}
