{
  "requiredTargets": [],
  "publicWritable": false,
  "fields": [
    {
      "noPhotoPicker": false,
      "permissionsRequiredToEdit": "",
      "required": true,
      "hideFromUI": false,
      "onChange": "",
      "hidden": false,
      "autoFocus": false,
      "hideFromFieldsEditor": true,
      "simpleTextOnly": false,
      "name": "blocks",
      "mandatory": false,
      "showTemplatePicker": true,
      "showIf": "",
      "advanced": false,
      "copyOnAdd": true,
      "subFields": [],
      "model": "",
      "disallowRemove": false,
      "@type": "@builder.io/core:Field",
      "type": "uiBlocks",
      "helperText": ""
    },
    {
      "showIf": "",
      "copyOnAdd": true,
      "showTemplatePicker": true,
      "hideFromFieldsEditor": false,
      "advanced": false,
      "type": "text",
      "model": "",
      "hidden": false,
      "disallowRemove": false,
      "hideFromUI": false,
      "permissionsRequiredToEdit": "",
      "onChange": "",
      "subFields": [],
      "simpleTextOnly": false,
      "name": "title",
      "required": true,
      "defaultValue": "Blog title",
      "autoFocus": false,
      "noPhotoPicker": false,
      "@type": "@builder.io/core:Field",
      "mandatory": false,
      "helperText": ""
    },
    {
      "showIf": "",
      "mandatory": false,
      "defaultValue": "https://cdn.builder.io/api/v1/image/assets%2F8f6bae86bfa3487eb1a18f263118c832%2Fb5d394eb6ab342a0a2f2de8ef2ba496a",
      "copyOnAdd": true,
      "hideFromUI": false,
      "hidden": false,
      "autoFocus": false,
      "type": "file",
      "allowedFileTypes": ["jpeg", "png"],
      "onChange": "",
      "showTemplatePicker": true,
      "model": "",
      "hideFromFieldsEditor": false,
      "disallowRemove": false,
      "permissionsRequiredToEdit": "",
      "subFields": [],
      "name": "image",
      "advanced": false,
      "required": false,
      "simpleTextOnly": false,
      "noPhotoPicker": false,
      "helperText": "open graph image",
      "@type": "@builder.io/core:Field"
    },
    {
      "permissionsRequiredToEdit": "",
      "@type": "@builder.io/core:Field",
      "subFields": [],
      "copyOnAdd": true,
      "hideFromUI": false,
      "modelId": "6d30b724c93d4198b0c0ce2d3ce390dc",
      "simpleTextOnly": false,
      "helperText": "Author of the post",
      "showIf": "",
      "noPhotoPicker": false,
      "mandatory": false,
      "showTemplatePicker": true,
      "onChange": "",
      "advanced": false,
      "type": "reference",
      "autoFocus": false,
      "model": "",
      "hidden": false,
      "required": true,
      "defaultValue": {
        "id": "7b0b333bd44b4e91a6f4bf93158cb62b",
        "model": "author",
        "@type": "@builder.io/core:Reference"
      },
      "name": "author",
      "hideFromFieldsEditor": false,
      "disallowRemove": false
    },
    {
      "showIf": "",
      "helperText": "",
      "showTemplatePicker": true,
      "disallowRemove": false,
      "autoFocus": false,
      "hideFromFieldsEditor": false,
      "mandatory": false,
      "hidden": false,
      "onChange": "",
      "name": "intro",
      "simpleTextOnly": false,
      "permissionsRequiredToEdit": "",
      "@type": "@builder.io/core:Field",
      "hideFromUI": false,
      "type": "longText",
      "advanced": false,
      "defaultValue": "Lorem ipsum dolor sit amet, consectetur adipiscing elit, sed do eiusmod tempor incididunt ut labore et dolore magna aliqua. Orci sagittis eu volutpat odio facilisis mauris. Commodo nulla facilisi nullam vehicula. Tellus cras adipiscing enim eu. Morbi blandit cursus risus at ultrices mi tempus imperdiet nulla. Tempus quam pellentesque nec nam aliquam. Tincidunt id aliquet risus feugiat in ante metus dictum at. Nascetur ridiculus mus mauris vitae ultricies leo integer malesuada nunc. Tellus cras adipiscing enim eu turpis. Ultrices eros in cursus turpis massa tincidunt dui. Feugiat nisl pretium fusce id. Mauris augue neque gravida in fermentum et. Sed elementum tempus egestas sed. At consectetur lorem donec massa sapien faucibus et. Tellus pellentesque eu tincidunt tortor. Blandit turpis cursus in hac habitasse. Dui nunc mattis enim ut tellus elementum sagittis vitae.",
      "copyOnAdd": true,
      "required": false,
      "noPhotoPicker": false,
      "subFields": [],
      "model": ""
    },
    {
      "permissionsRequiredToEdit": "",
      "defaultValue": "default-one",
      "helperText": "",
      "hideFromFieldsEditor": false,
      "required": true,
      "subFields": [],
      "noPhotoPicker": false,
      "advanced": false,
      "onChange": "",
      "showIf": "",
      "hidden": false,
      "mandatory": false,
      "model": "",
      "name": "slug",
      "hideFromUI": false,
      "type": "text",
      "@type": "@builder.io/core:Field",
      "simpleTextOnly": false,
      "showTemplatePicker": true,
      "copyOnAdd": true,
      "disallowRemove": false,
      "autoFocus": false
    }
  ],
  "sendToMongoDb": true,
  "archived": false,
  "componentsOnlyMode": false,
  "autoTracked": true,
  "allowTests": true,
  "showScheduling": true,
  "designerVersion": 1,
  "getSchemaFromPage": false,
  "injectWcAt": "",
  "sendToElasticSearch": false,
  "individualEmbed": false,
  "hidden": false,
  "injectWcPosition": "",
  "webhooks": [],
  "showTargeting": true,
  "allowMetrics": true,
  "showMetrics": true,
  "subType": "",
  "allowHeatmap": true,
  "showAbTests": true,
  "pathPrefix": "/",
  "id": "3f6eda812cf2484088b1451a2150d38f",
  "isPage": false,
  "kind": "component",
  "repeatable": false,
  "lastUpdateBy": null,
  "hooks": {},
  "hideOptions": false,
  "strictPrivateRead": false,
  "strictPrivateWrite": false,
  "hideFromUI": false,
  "examplePageUrl": "http://localhost:3000/api/preview?secret=micky-mouse",
  "allowBuiltInComponents": true,
  "name": "post",
  "singleton": false,
  "useQueryParamTargetingClientSide": false,
  "publicReadable": true,
  "defaultQuery": [],
  "helperText": "",
  "bigData": false,
  "schema": {},
  "@originId": "7a732bbf5d964e7bbeff4acef2735c8a"
}
