{
  "helperText": "",
  "injectWcAt": "",
  "webhooks": [],
  "showTargeting": true,
  "sendToMongoDb": true,
  "hideFromUI": false,
  "showScheduling": true,
  "name": "author",
  "fields": [
    {
      "showTemplatePicker": true,
      "helperText": "",
      "type": "text",
      "name": "name",
      "noPhotoPicker": false,
      "simpleTextOnly": false,
      "permissionsRequiredToEdit": "",
      "@type": "@builder.io/core:Field",
      "mandatory": false,
      "required": true,
      "hideFromFieldsEditor": false,
      "hideFromUI": false,
      "model": "",
      "copyOnAdd": true,
      "disallowRemove": false,
      "showIf": "",
      "advanced": false,
      "onChange": "",
      "subFields": [],
      "autoFocus": false,
      "hidden": false
    },
    {
      "autoFocus": false,
      "subFields": [],
      "name": "image",
      "required": true,
      "type": "file",
      "allowedFileTypes": ["jpeg", "png"],
      "@type": "@builder.io/core:Field",
      "copyOnAdd": true,
      "defaultValue": "https://cdn.builder.io/api/v1/image/assets%2F8f6bae86bfa3487eb1a18f263118c832%2F8c8bf9b14266412497c0090aa3136beb",
      "showTemplatePicker": true,
      "noPhotoPicker": false,
      "mandatory": false,
      "disallowRemove": false,
      "showIf": "",
      "permissionsRequiredToEdit": "",
      "advanced": false,
      "onChange": "",
      "model": "",
      "hideFromFieldsEditor": false,
      "hideFromUI": false,
      "helperText": "",
      "hidden": false,
      "simpleTextOnly": false
    }
  ],
  "publicReadable": true,
  "individualEmbed": false,
  "schema": {},
  "lastUpdateBy": null,
  "subType": "",
  "id": "6d30b724c93d4198b0c0ce2d3ce390dc",
  "injectWcPosition": "",
  "repeatable": false,
  "archived": false,
  "hooks": {},
  "pathPrefix": "/",
  "requiredTargets": [],
  "allowBuiltInComponents": true,
  "isPage": false,
  "publicWritable": false,
  "autoTracked": true,
  "sendToElasticSearch": false,
  "hideOptions": false,
  "examplePageUrl": "",
  "showAbTests": true,
  "allowTests": true,
  "getSchemaFromPage": false,
  "allowMetrics": true,
  "defaultQuery": [],
  "useQueryParamTargetingClientSide": false,
  "kind": "data",
  "designerVersion": 1,
  "strictPrivateWrite": false,
  "componentsOnlyMode": false,
  "showMetrics": true,
  "singleton": false,
  "bigData": false,
  "hidden": false,
  "allowHeatmap": true,
  "strictPrivateRead": false,
  "@originId": "c71bab5b43fa42eca870e330a39b59e0"
}
